name,label
male/00000279.png,male
male/00000192.jpg,male
male/00000330.png,male
male/00000359.jpg,male
male/00000055.jpg,male
male/00000117.gif,male
male/00000028.gif,male
male/00000052.jpg,male
male/00000167.jpg,male
male/00000157.jpg,male
male/00000276.jpg,male
male/00000287.jpg,male
male/00000368.jpg,male
male/00000103.jpg,male
male/00000115.jpg,male
male/00000238.jpg,male
male/00000228.jpg,male
male/00000112.jpg,male
male/00000211.jpg,male
male/00000258.jpg,male
male/00000378.png,male
male/00000336.jpeg,male
male/00000347.jpg,male
male/00000369.gif,male
male/00000169.jpg,male
male/00000234.jpeg,male
male/00000048.jpg,male
male/00000174.jpg,male
male/00000099.jpg,male
male/00000053.jpg,male
male/00000083.jpg,male
male/00000283.jpg,male
male/00000100.jpg,male
male/00000367.png,male
male/00000395.jpg,male
male/00000180.jpg,male
male/00000267.jpg,male
male/00000382.jpg,male
male/00000284.jpg,male
male/00000010.jpg,male
male/00000009.jpg,male
male/00000371.gif,male
male/00000025.jpg,male
male/00000270.jpg,male
male/00000164.png,male
male/00000072.jpg,male
male/00000125.jpg,male
male/00000354.jpg,male
male/00000003.jpg,male
male/00000197.jpg,male
male/00000387.jpg,male
male/00000292.jpg,male
male/00000036.jpg,male
male/00000183.jpg,male
male/00000210.jpg,male
male/00000184.jpg,male
male/00000271.jpg,male
male/00000394.jpg,male
male/00000316.jpg,male
male/00000337.jpg,male
male/00000060.jpg,male
male/00000381.jpg,male
male/00000049.jpg,male
male/00000002.jpg,male
male/00000250.png,male
male/00000216.jpg,male
male/00000240.jpg,male
male/00000291.jpg,male
male/00000377.jpg,male
male/00000265.png,male
male/00000322.jpg,male
male/00000350.png,male
male/00000179.jpg,male
male/00000366.jpg,male
male/00000274.jpg,male
male/00000057.jpg,male
male/00000118.jpg,male
male/00000043.jpg,male
male/00000277.jpg,male
male/00000023.jpg,male
male/00000109.jpg,male
male/00000147.jpg,male
male/00000119.jpg,male
male/00000139.jpg,male
male/00000146.jpg,male
male/00000230.jpg,male
male/00000077.jpg,male
male/00000110.jpg,male
male/00000108.jpg,male
male/00000075.jpg,male
male/00000232.jpg,male
male/00000315.jpg,male
male/00000175.jpg,male
male/00000295.jpg,male
male/00000323.jpg,male
male/00000140.jpg,male
male/00000062.jpg,male
male/00000306.jpg,male
male/00000340.jpg,male
male/00000020.png,male
male/00000244.jpg,male
male/00000356.jpe,male
male/00000206.gif,male
male/00000227.jpg,male
male/00000392.jpg,male
male/00000296.jpg,male
male/00000374.jpg,male
male/00000096.jpg,male
male/00000063.jpg,male
male/00000333.jpeg,male
male/00000261.jpg,male
male/00000078.jpg,male
male/00000288.jpg,male
male/00000008.jpg,male
male/00000219.jpg,male
male/00000029.jpg,male
male/00000138.png,male
male/00000011.jpg,male
male/00000209.jpg,male
male/00000247.jpg,male
male/00000358.jpg,male
male/00000298.jpg,male
male/00000361.jpg,male
male/00000034.jpg,male
male/00000082.jpg,male
male/00000273.jpg,male
male/00000266.jpg,male
male/00000097.jpeg,male
male/00000204.jpg,male
male/00000312.jpg,male
male/00000069.jpg,male
male/00000114.jpg,male
male/00000090.png,male
male/00000317.jpg,male
male/00000308.jpg,male
male/00000246.jpg,male
male/00000067.jpg,male
male/00000015.jpg,male
male/00000098.jpg,male
male/00000235.jpg,male
male/00000251.jpg,male
male/00000397.jpg,male
male/00000290.jpg,male
male/00000269.png,male
male/00000384.jpg,male
male/00000346.jpg,male
male/00000161.jpg,male
male/00000218.jpg,male
male/00000066.jpg,male
male/00000058.jpeg,male
male/00000047.jpg,male
male/00000181.jpg,male
male/00000278.jpg,male
male/00000294.jpg,male
male/00000106.jpg,male
male/00000297.jpg,male
male/00000304.PNG,male
male/00000030.jpg,male
male/00000061.jpg,male
male/00000113.png,male
male/00000220.jpg,male
male/00000051.jpg,male
male/00000245.png,male
male/00000035.jpg,male
male/00000044.jpg,male
male/00000194.jpg,male
male/00000162.jpg,male
male/00000313.jpg,male
male/00000130.jpg,male
male/00000105.jpg,male
male/00000255.jpg,male
male/00000311.jpg,male
male/00000031.jpg,male
male/00000226.jpg,male
male/00000037.jpg,male
male/00000094.jpg,male
male/00000151.jpg,male
male/00000237.jpg,male
male/00000376.jpg,male
male/00000398.jpg,male
male/00000156.jpeg,male
male/00000092.jpg,male
male/00000357.png,male
male/00000351.png,male
male/00000335.png,male
male/00000024.jpg,male
male/00000345.jpg,male
male/00000004.jpg,male
male/00000087.jpg,male
male/00000033.jpg,male
male/00000289.jpg,male
male/00000153.jpg,male
male/00000380.jpg,male
male/00000239.jpg,male
male/00000046.jpg,male
male/00000150.jpg,male
male/00000007.jpg,male
male/00000236.jpg,male
male/00000373.jpg,male
male/00000302.jpg,male
male/00000203.jpg,male
male/00000205.jpg,male
male/00000248.jpg,male
male/00000129.jpg,male
male/00000202.png,male
male/00000342.jpg,male
male/00000217.jpg,male
male/00000073.jpg,male
male/00000016.jpg,male
male/00000362.png,male
male/00000124.jpg,male
male/00000050.jpg,male
male/00000018.jpg,male
male/00000042.png,male
male/00000173.jpg,male
male/00000399.png,male
male/00000041.jpg,male
male/00000214.jpg,male
male/00000019.jpg,male
male/00000165.jpg,male
male/00000332.jpg,male
male/00000086.jpg,male
male/00000142.jpg,male
male/00000189.jpg,male
male/00000071.jpg,male
male/00000196.jpg,male
male/00000104.jpg,male
male/00000321.png,male
male/00000080.jpg,male
male/00000102.jpg,male
male/00000319.jpg,male
male/00000159.jpg,male
male/00000170.jpg,male
male/00000281.jpg,male
male/00000141.jpg,male
male/00000032.jpg,male
male/00000301.png,male
male/00000282.jpg,male
male/00000385.jpg,male
male/00000388.jpg,male
male/00000095.jpg,male
male/00000285.jpg,male
male/00000054.jpg,male
male/00000193.jpg,male
male/00000365.jpg,male
male/00000268.jpg,male
male/00000172.jpg,male
male/00000064.jpg,male
male/00000390.jpg,male
male/00000089.jpg,male
male/00000286.jpeg,male
male/00000363.jpg,male
male/00000224.jpeg,male
male/00000364.jpg,male
male/00000263.png,male
male/00000076.jpg,male
male/00000256.gif,male
male/00000093.jpeg,male
male/00000126.jpg,male
male/00000088.jpg,male
female/00000192.jpg,female
female/00000231.jpg,female
female/00000305.jpg,female
female/00000359.jpg,female
female/00000207.jpg,female
female/00000279.jpg,female
female/00000052.jpg,female
female/00000157.jpg,female
female/00000276.jpg,female
female/00000287.jpg,female
female/00000368.jpg,female
female/00000115.jpg,female
female/00000211.jpg,female
female/00000257.jpg,female
female/00000258.jpg,female
female/00000347.jpg,female
female/00000169.jpg,female
female/00000122.jpg,female
female/00000253.JPG,female
female/00000360.jpg,female
female/00000234.jpg,female
female/00000099.jpg,female
female/00000053.jpg,female
female/00000283.jpg,female
female/00000028.jpg,female
female/00000286.jpg,female
female/00000017.jpg,female
female/00000379.jpg,female
female/00000389.jpg,female
female/00000180.jpg,female
female/00000267.jpg,female
female/00000284.jpg,female
female/00000009.jpg,female
female/00000025.jpg,female
female/00000176.jpg,female
female/00000006.jpg,female
female/00000354.jpg,female
female/00000042.jpg,female
female/00000003.jpg,female
female/00000164.jpg,female
female/00000259.jpg,female
female/00000197.jpg,female
female/00000387.jpg,female
female/00000292.jpg,female
female/00000186.jpg,female
female/00000349.jpg,female
female/00000021.jpg,female
female/00000375.jpg,female
female/00000036.jpg,female
female/00000156.jpg,female
female/00000136.jpg,female
female/00000183.jpg,female
female/00000210.jpg,female
female/00000184.jpg,female
female/00000038.jpg,female
female/00000014.jpg,female
female/00000143.jpg,female
female/00000339.png,female
female/00000394.jpg,female
female/00000334.jpg,female
female/00000000.jpg,female
female/00000022.jpg,female
female/00000316.jpg,female
female/00000337.jpg,female
female/00000060.jpg,female
female/00000351.jpg,female
female/00000335.jpg,female
female/00000344.jpg,female
female/00000134.jpg,female
female/00000216.jpg,female
female/00000240.jpg,female
female/00000372.jpg,female
female/00000291.jpg,female
female/00000377.jpg,female
female/00000265.png,female
female/00000095.png,female
female/00000179.jpg,female
female/00000366.jpg,female
female/00000085.jpg,female
female/00000274.jpg,female
female/00000239.jpeg,female
female/00000057.jpg,female
female/00000118.jpg,female
female/00000195.jpg,female
female/00000121.png,female
female/00000277.jpg,female
female/00000023.jpg,female
female/00000005.jpg,female
female/00000104.jpeg,female
female/00000147.jpg,female
female/00000154.jpg,female
female/00000139.jpg,female
female/00000146.jpg,female
female/00000230.jpg,female
female/00000352.jpeg,female
female/00000232.jpg,female
female/00000315.jpg,female
female/00000295.jpg,female
female/00000062.jpg,female
female/00000306.jpg,female
female/00000026.jpg,female
female/00000149.jpg,female
female/00000252.jpg,female
female/00000320.png,female
female/00000370.jpg,female
female/00000020.png,female
female/00000244.jpg,female
female/00000285.png,female
female/00000338.jpg,female
female/00000200.jpg,female
female/00000227.jpg,female
female/00000166.jpg,female
female/00000208.png,female
female/00000096.jpg,female
female/00000107.jpg,female
female/00000063.jpg,female
female/00000191.jpg,female
female/00000222.jpg,female
female/00000261.jpg,female
female/00000243.jpg,female
female/00000310.jpg,female
female/00000034.jpeg,female
female/00000078.jpg,female
female/00000288.jpg,female
female/00000008.jpg,female
female/00000029.jpg,female
female/00000138.jpg,female
female/00000011.jpg,female
female/00000185.jpg,female
female/00000209.jpg,female
female/00000247.jpg,female
female/00000218.jpeg,female
female/00000358.jpg,female
female/00000233.jpg,female
female/00000361.jpg,female
female/00000367.jpg,female
female/00000397.jpeg,female
female/00000127.jpg,female
female/00000273.jpg,female
female/00000333.PNG,female
female/00000266.jpg,female
female/00000040.jpg,female
female/00000357.jpg,female
female/00000204.jpg,female
female/00000312.jpg,female
female/00000114.jpg,female
female/00000135.jpeg,female
female/00000317.jpg,female
female/00000308.jpg,female
female/00000246.jpg,female
female/00000067.jpg,female
female/00000260.jpg,female
female/00000254.jpg,female
female/00000098.jpg,female
female/00000290.jpg,female
female/00000343.jpg,female
female/00000384.jpg,female
female/00000045.jpg,female
female/00000346.jpg,female
female/00000161.jpg,female
female/00000145.jpg,female
female/00000066.jpg,female
female/00000181.jpg,female
female/00000294.jpg,female
female/00000106.jpg,female
female/00000297.jpg,female
female/00000030.jpg,female
female/00000061.jpg,female
female/00000132.jpg,female
female/00000262.jpg,female
female/00000201.jpg,female
female/00000323.png,female
female/00000177.jpg,female
female/00000105.JPG,female
female/00000355.jpeg,female
female/00000044.jpg,female
female/00000194.jpg,female
female/00000133.jpg,female
female/00000162.jpg,female
female/00000163.jpg,female
female/00000314.jpg,female
female/00000214.png,female
female/00000255.jpg,female
female/00000160.jpg,female
female/00000311.jpg,female
female/00000031.jpg,female
female/00000281.jpeg,female
female/00000341.jpg,female
female/00000171.jpg,female
female/00000037.jpg,female
female/00000356.jpg,female
female/00000376.jpg,female
female/00000398.jpg,female
female/00000144.jpg,female
female/00000059.jpg,female
female/00000074.jpg,female
female/00000374.png,female
female/00000092.jpg,female
female/00000390.JPG,female
female/00000024.jpg,female
female/00000345.jpg,female
female/00000128.jpg,female
female/00000249.jpg,female
female/00000004.jpg,female
female/00000087.jpg,female
female/00000289.jpg,female
female/00000380.jpg,female
female/00000150.jpg,female
female/00000236.jpg,female
female/00000373.jpg,female
female/00000302.jpg,female
female/00000123.jpg,female
female/00000203.jpg,female
female/00000399.jpg,female
female/00000212.jpg,female
female/00000137.jpg,female
female/00000217.jpg,female
female/00000073.jpg,female
female/00000386.png,female
female/00000155.jpg,female
female/00000016.jpg,female
female/00000124.jpg,female
female/00000117.jpg,female
female/00000065.jpg,female
female/00000018.jpg,female
female/00000331.jpg,female
female/00000173.jpg,female
female/00000041.jpg,female
female/00000019.jpg,female
female/00000178.jpeg,female
female/00000165.jpg,female
female/00000086.jpg,female
female/00000225.jpg,female
female/00000090.jpg,female
female/00000056.jpg,female
female/00000272.jpg,female
female/00000263.jpg,female
female/00000321.jpg,female
female/00000280.jpg,female
female/00000080.jpg,female
female/00000102.jpg,female
female/00000309.jpg,female
female/00000167.JPG,female
female/00000141.jpg,female
female/00000032.jpg,female
female/00000388.jpg,female
female/00000079.jpg,female
female/00000330.jpg,female
female/00000054.jpg,female
female/00000365.jpg,female
female/00000353.jpg,female
female/00000268.jpg,female
female/00000381.png,female
female/00000064.jpg,female
female/00000223.jpg,female
female/00000363.jpg,female
female/00000027.jpg,female
female/00000371.jpg,female
female/00000364.jpg,female
female/00000325.png,female
female/00000076.jpg,female
female/00000012.jpg,female
female/00000088.jpg,female
female/00000113.jpg,female
